{"schemaVersion":"1.0","appDefinitionTemplate":{"id":"/providers/Microsoft.PowerApps/apps/","type":"Microsoft.PowerApps/apps","tags":{"primaryDeviceWidth":"1366","primaryDeviceHeight":"768","sienaVersion":"20220128T075817Z-3.22013.7.0","deviceCapabilities":"","supportsPortrait":"true","supportsLandscape":"true","primaryFormFactor":"Tablet","publisherVersion":"3.22013.7","minimumRequiredApiVersion":"2.2.0","hasComponent":"false","hasUnlockedComponent":"false","isUnifiedRootApp":"false"},"properties":{"appVersion":"2022-01-28T07:58:17Z","lifeCycleId":"Published","createdByClientVersion":{"major":3,"minor":22013,"build":7,"revision":0,"majorRevision":0,"minorRevision":0},"minClientVersion":{"major":3,"minor":22013,"build":7,"revision":0,"majorRevision":0,"minorRevision":0},"backgroundColor":"RGBA(0,176,240,1)","backgroundImageUri":"/9649764204258974709/N32bfed3f-5937-485c-a60b-0c6de5bf0f60-logoSmallFile","displayName":"eSignature check","description":"","commitMessage":"","appUris":{"documentUri":{"value":"/9649764204258974709/N079d497f-9207-4711-98f0-e2e8eb17eb3c-document.msapp"},"imageUris":[]},"createdTime":"0001-01-01T00:00:00Z","lastModifiedTime":"0001-01-01T00:00:00Z","sharedGroupsCount":0,"sharedUsersCount":0,"icons":{"smallIconUri":"/9649764204258974709/Nfb5bfa38-aa52-4d23-ba77-efbbe0ed8ee6-small.png","mediumIconUri":"/9649764204258974709/N139e5313-66b9-4f9e-a37f-ad000b8d7ab0-medium.png","largeIconUri":"/9649764204258974709/N687ea28a-909d-42e6-84ba-71e32c92e2e1-large.png","wideIconUri":"/9649764204258974709/Nd7fc85bd-b5e5-4d50-a03d-bdb11c612c0b-wide.png"},"connectionReferences":{},"databaseReferences":{},"almMode":"Environment","performanceOptimizationEnabled":true,"canConsumeAppPass":true,"executionRestrictions":{"isTeamsOnly":false,"dataLossPreventionEvaluationResult":{"status":"Compliant","lastEvaluationDate":"2022-01-28T07:58:34.6010086Z","violations":[],"violationsByPolicy":[],"violationErrorMessage":"The app uses the following connectors: ."}}},"appType":"ClassicCanvasApp","appComponents":[]}}