{"name":"7991cc53-5f4b-487c-a416-07085d19d42c","id":"/providers/Microsoft.Flow/flows/7991cc53-5f4b-487c-a416-07085d19d42c","type":"Microsoft.Flow/flows","properties":{"apiId":"/providers/Microsoft.PowerApps/apis/shared_logicflows","displayName":"eSignature sign in","definition":{"metadata":{"workflowEntityId":null,"processAdvisorMetadata":null,"flowclientsuspensionreason":"None","flowclientsuspensiontime":null,"creator":{"id":"a8d122ba-d7ba-4e90-b1a2-02e2d7578a26","type":"User","tenantId":"18f459d7-049e-4645-8567-d0c65eeef42e"},"provisioningMethod":"FromDefinition","failureAlertSubscription":true,"clientLastModifiedTime":"2022-01-28T08:38:04.1037119Z"},"$schema":"https://schema.management.azure.com/providers/Microsoft.Logic/schemas/2016-06-01/workflowdefinition.json#","contentVersion":"1.0.0.0","parameters":{"$authentication":{"defaultValue":{},"type":"SecureObject"}},"triggers":{"manual":{"metadata":{"operationMetadataId":"4230bbc6-8790-43d3-b165-20575cc8549c"},"type":"Request","kind":"PowerApp","inputs":{"schema":{"type":"object","properties":{},"required":[]}}}},"actions":{"username":{"runAfter":{},"metadata":{"operationMetadataId":"3796072d-20f3-4ac7-85dd-e9d6063348a3"},"type":"InitializeVariable","inputs":{"variables":[{"name":"username","type":"string","value":"@{triggerBody()['username_Value']}"}]}},"password":{"runAfter":{"username":["Succeeded"]},"metadata":{"operationMetadataId":"86349ff9-dff7-4785-9471-1e108c48579f"},"type":"InitializeVariable","inputs":{"variables":[{"name":"password","type":"string","value":"@{triggerBody()['password_Value']}"}]}},"TenantID":{"runAfter":{"password":["Succeeded"]},"metadata":{"operationMetadataId":"ce944973-4bc0-479d-be19-2f077ced53d9"},"type":"InitializeVariable","inputs":{"variables":[{"name":"TenantID","type":"string","value":"18f459d7-049e-4645-8567-d0c65e"}]}},"ClientID":{"runAfter":{"TenantID":["Succeeded"]},"metadata":{"operationMetadataId":"336ef238-5a9b-4e0a-9e47-c853b6757ca1"},"type":"InitializeVariable","inputs":{"variables":[{"name":"ClientID","type":"string","value":"477900e0-7169-4778-a6f6-77a2690"}]}},"ClientSecret":{"runAfter":{"ClientID":["Succeeded"]},"metadata":{"operationMetadataId":"4c545f1f-a686-4a07-b93a-f9e2c9dd9aae"},"type":"InitializeVariable","inputs":{"variables":[{"name":"ClientSecret","type":"string","value":"kXe7Q~L7nUXSDKDxOlg.M"}]}},"HTTP":{"runAfter":{"ClientSecret":["Succeeded"]},"metadata":{"operationMetadataId":"5ab7df80-e7be-4db2-b2f1-a9480f2795f0"},"type":"Http","inputs":{"method":"POST","uri":"https://login.microsoftonline.com/@{variables('TenantID')}/oauth2/token","headers":{"Content-Type":"application/x-www-form-urlencoded"},"body":"grant_type=password&client_id=@{variables('ClientID')}&username=@{variables('username')}&password=@{variables('password')}&client_secret=@{variables('ClientSecret')}&resource=https://graph.microsoft.com"}},"Respond_to_a_PowerApp_or_flow":{"runAfter":{"HTTP":["Succeeded"]},"metadata":{"operationMetadataId":"43b541de-395a-4b8d-8c42-68295d5997c4"},"type":"Response","kind":"PowerApp","inputs":{"statusCode":200,"body":{"response":"ok"},"schema":{"type":"object","properties":{"response":{"title":"Response","x-ms-dynamically-added":true,"type":"string"}}}}},"Respond_to_a_PowerApp_or_flow_2":{"runAfter":{"HTTP":["Failed","TimedOut"]},"metadata":{"operationMetadataId":"52058a1b-eee0-4dc0-89fa-e769528b9f96"},"type":"Response","kind":"PowerApp","inputs":{"statusCode":200,"body":{"response":"error"},"schema":{"type":"object","properties":{"response":{"title":"Response","x-ms-dynamically-added":true,"type":"string"}}}}}}},"connectionReferences":{},"flowFailureAlertSubscribed":false}}